工作岗位,公司名称,公司规模,公司行业,融资阶段,公司福利,工资阶段,工作经验,学历要求,工作地点
资深数据分析师,跟谁学,2000人以上,"移动互联网,教育",上市公司,"节日礼物,技能培训,股票期权,精英团队",18k-30k,3-5年,本科,武汉
数据分析师,天眼查,150-500人,数据服务,不需要融资,"专项奖金,股票期权,带薪年假,定期体检",12k-18k,应届毕业生,本科,北京
数据分析师,腾讯,2000人以上,社交,上市公司,"免费班车,成长空间,年度旅游,岗位晋升",15k-30k,3-5年,本科,深圳
数据分析师,万顺叫车,150-500人,"消费生活,移动互联网",A轮,"团建津贴,氛围好,专项奖金,车贴等",10k-18k,3-5年,本科,深圳
数据分析师,触漫,150-500人,"移动互联网,文娱丨内容",B轮,"股票期权,领导好,五险一金,扁平管理",10k-15k,3-5年,本科,广州
数据分析师,蜻蜓FM,150-500人,移动互联网,D轮及以上,"明星直播,男女1:1,带薪年假,扁平管理",15k-25k,3-5年,本科,上海
数据分析师,拼多多,2000人以上,"电商,移动互联网",上市公司,"股票期权,专项奖金,弹性工作,扁平管理",15k-30k,不限,本科,上海
数据分析师,明源云,2000人以上,电商,上市公司,"高额六险一金,年底双薪,绩效奖金,N项经费",15k-20k,5-10年,本科,深圳
数据分析师,西瓜创客,150-500人,教育,B轮,"牛人多,快速发展",10k-20k,不限,不限,成都
数据分析师,龙玩互娱,50-150人,游戏,天使轮,"年底双薪,带薪年假,股票期权,定期体检",8k-13k,1-3年,本科,广州
数据分析师,深圳市丰巢科技有限公司,500-2000人,消费生活,A轮,"五险一金,通讯津贴,交通补助,带薪年假",15k-30k,1-3年,本科,深圳
数据分析师,爱问医联,150-500人,"医疗丨健康,移动互联网",C轮,"股票期权,带薪年假,午餐补助,五险一金",12k-20k,3-5年,本科,深圳
数据分析师,Fun Plus,500-2000人,游戏,B轮,,30k-40k,3-5年,硕士,北京
数据分析师,莉莉丝游戏,500-2000人,"移动互联网,游戏",不需要融资,"项目奖金,零食无限量,牛逼的同事,境外旅游",12k-20k,3-5年,本科,上海
数据分析师,美篇,50-150人,"移动互联网,社交",B轮,"弹性工作,期权激励,六险一金,租房补贴",15k-25k,3-5年,不限,北京
数据分析师,触漫,150-500人,"移动互联网,文娱丨内容",B轮,"股票期权,领导好,五险一金,扁平管理",10k-15k,3-5年,本科,广州
高级数据分析师,优乐学科技,150-500人,"移动互联网,教育",B轮,"年底双薪,股票期权,带薪年假,弹性工作",18k-36k,5-10年,本科,深圳
数据分析师,蜻蜓FM,150-500人,移动互联网,D轮及以上,"明星直播,男女1:1,带薪年假,扁平管理",15k-25k,3-5年,本科,上海
腾讯云高级数据分析师,腾讯,2000人以上,社交,上市公司,"免费班车,成长空间,年度旅游,岗位晋升",27k-40k,5-10年,本科,深圳
数据分析师,颐和一品文化,500-2000人,"电商,消费生活",上市公司,,4k-6k,应届毕业生,大专,武汉
数据分析师,字节跳动,2000人以上,文娱丨内容,C轮,"扁平管理,弹性工作,大厨定制三餐,就近租房补贴",20k-40k,3-5年,本科,北京
CSIG18-高级数据分析师（深圳）,腾讯,2000人以上,社交,上市公司,"免费班车,成长空间,年度旅游,岗位晋升",15k-30k,3-5年,本科,深圳
数据分析师,PreTalent璞睿,50-150人,教育,B轮,"绩效奖金,通讯津贴,交通补助,带薪年假",10k-15k,不限,硕士,上海
数据分析师,字节跳动,2000人以上,文娱丨内容,C轮,"扁平管理,弹性工作,大厨定制三餐,就近租房补贴",20k-35k,1-3年,本科,北京
数据分析师,罗辑思维,150-500人,"移动互联网,文娱丨内容",D轮及以上,"扁平管理,弹性工作,六险一金,定期体检",20k-35k,3-5年,本科,北京
数据分析师,广州市果肉教育科技有限公司,500-2000人,"移动互联网,教育",不需要融资,"年底双薪,弹性工作,年度旅游,节日礼物",15k-30k,3-5年,本科,广州
数据分析师,深圳市丰巢科技有限公司,500-2000人,消费生活,A轮,"五险一金,通讯津贴,交通补助,带薪年假",15k-30k,1-3年,本科,深圳
大数据分析师,青岛准安互动大数据科技服务有限公司,150-500人,"金融,企业服务",未融资,,6k-12k,不限,大专,青岛
数据分析师,醇馨信息,2000人以上,金融,上市公司,"绩效奖金,股票期权,年终分红,管理规范",12k-20k,3-5年,本科,上海
数据分析师,信用生活,50-150人,"移动互联网,金融",A轮,"年底双薪,股票期权,绩效奖金,带薪年假",20k-40k,3-5年,本科,上海
数据分析师,睿琪软件,150-500人,数据服务,不需要融资,"专业红娘牵线,节日礼物,技能培训,岗位晋升",10k-15k,1-3年,本科,杭州
数据分析师,汇合,2000人以上,"企业服务,金融",不需要融资,"绩效奖金,带薪年假,管理规范,五险一金",10k-14k,1-3年,本科,深圳
大数据开发工程师,AfterShip,50-150人,电商,不需要融资,"持续盈利,国际龙头企业,SaaS平台,极客氛围",25k-40k,5-10年,本科,深圳
数据分析师,云启星辰,15-50人,移动互联网,A轮,"五险一金,腾讯系,期权激励,开放式办公",15k-25k,3-5年,本科,深圳
数据分析师,易观,150-500人,"移动互联网,数据服务",B轮,"专项奖金,午餐补助,技能培训,扁平管理",20k-35k,3-5年,本科,北京
数据分析师,字节跳动,2000人以上,文娱丨内容,C轮,"扁平管理,弹性工作,大厨定制三餐,就近租房补贴",8k-12k,3-5年,本科,成都
资深数据分析师,字节跳动,2000人以上,文娱丨内容,C轮,"扁平管理,弹性工作,大厨定制三餐,就近租房补贴",20k-30k,3-5年,本科,北京
资深数据分析师,小鹅（小鹅通）,500-2000人,"移动互联网,社交",B轮,"扁平管理,领导nice,专项奖金,定期体检",20k-40k,3-5年,本科,深圳
大数据分析师（会员画像）,钱大妈,2000人以上,消费生活,D轮及以上,"绩效奖金,弹性工作,公司提供午餐,股票期权",18k-28k,5-10年,本科,广州
数据分析师,浦和数据,50-150人,数据服务,A轮,"五险一金,绩效奖金,带薪年假,法定节假",10k-20k,1-3年,本科,南京
大数据分析工程师(J11108),朗新科技,2000人以上,"移动互联网,企业服务",上市公司,"技能培训,年底双薪,带薪年假,岗位晋升",8k-13k,应届毕业生,本科,杭州
大数据分析工程师(J11108),朗新科技,2000人以上,"移动互联网,企业服务",上市公司,"技能培训,年底双薪,带薪年假,岗位晋升",8k-13k,应届毕业生,本科,北京
数据分析师,智品网络,50-150人,"移动互联网,电商",A轮,"五险一金,健身器材,扁平管理,产品为主",17k-27k,1-3年,本科,广州
数据分析师,新萌网络,150-500人,社交,不需要融资,"弹性工作,免费班车,年底双薪,带薪年假",10k-18k,1-3年,本科,上海
增长数据分析师,天眼查,150-500人,数据服务,不需要融资,"专项奖金,股票期权,带薪年假,定期体检",20k-30k,1-3年,本科,北京
数据分析师,恒大智慧科技有限公司,500-2000人,人工智能,不需要融资,,20k-40k,3-5年,本科,深圳
高级数据分析师,玄武科技,500-2000人,企业服务,上市公司,"绩效奖金,年底双薪,五险一金,带薪年假",15k-25k,5-10年,本科,广州
数据分析师,快看漫画,500-2000人,文娱丨内容,D轮及以上,"股票期权,年度体检,七险一金,带薪假期",20k-30k,3-5年,本科,北京
数据分析师,飞常准,500-2000人,移动互联网,不需要融资,"节日礼物,年度旅游,管理规范,五险一金",7k-14k,3-5年,本科,合肥
资深数据分析师,还呗-智能信贷领先者,500-2000人,金融,B轮,"股票期权,通讯津贴,交通补助,午餐补助",20k-40k,5-10年,本科,上海
健康科技中心--大数据分析师（算法）,泰康健投,2000人以上,"金融,医疗丨健康",不需要融资,"年底双薪,带薪年假,绩效奖金,年度旅游",20k-27k,5-10年,本科,北京
数据分析师,微拍堂,500-2000人,"移动互联网,电商",A轮,"岗位晋升,年度旅游,年底双薪,午餐补助",25k-35k,3-5年,大专,杭州
数据分析师,DataStory,150-500人,数据服务,B轮,"颜值高,双休日,高大上团建,带薪假",8k-15k,3-5年,本科,广州
资深数据分析师,乐元素游戏,500-2000人,"移动互联网,游戏",不需要融资,"技能培训,领导好,节日礼物",20k-35k,3-5年,硕士,北京
资深数据分析师,字节跳动,2000人以上,文娱丨内容,C轮,"扁平管理,弹性工作,大厨定制三餐,就近租房补贴",15k-30k,不限,本科,北京
高级数据分析师,字节跳动,2000人以上,文娱丨内容,C轮,"扁平管理,弹性工作,大厨定制三餐,就近租房补贴",15k-30k,3-5年,本科,北京
数据分析师NJ,通联数据,500-2000人,金融,不需要融资,"五险一金,通讯津贴,带薪年假,节日礼物",4k-6k,1-3年,本科,南京
数据分析师（股债基）NJ,通联数据,500-2000人,金融,不需要融资,"五险一金,通讯津贴,带薪年假,节日礼物",4k-8k,1-3年,本科,南京
数据分析师,云积互动,150-500人,"企业服务,移动互联网",天使轮,"带薪年假,年轻团队,股票期权,下午茶",10k-20k,3-5年,本科,杭州
腾讯视频数据分析师,腾讯,2000人以上,社交,上市公司,"免费班车,成长空间,年度旅游,岗位晋升",20k-40k,5-10年,本科,北京
数据分析师(JUJK1),小影APP,150-500人,"移动互联网,文娱丨内容",B轮,"带薪年假,股票期权,绩效奖金,弹性工作",12k-24k,1-3年,本科,杭州
数据分析师（商品方向）,立创商城,150-500人,"电商,硬件",A轮,"节日礼物,五险一金,水果、下午茶,带薪年假",15k-25k,3-5年,本科,深圳
数据分析师（股票方向）,通联数据,500-2000人,金融,不需要融资,"五险一金,通讯津贴,带薪年假,节日礼物",7k-14k,3-5年,本科,南京
数据分析师,排列科技,50-150人,"移动互联网,金融",A轮,"股票期权,带薪年假,绩效奖金,年底双薪",9k-18k,1-3年,本科,杭州
数据分析师,陕西雷风商贸有限公司,500-2000人,物流丨运输,天使轮,,4k-6k,不限,大专,西安
高级数据分析师,SAS,2000人以上,人工智能,不需要融资,,30k-50k,5-10年,硕士,上海
资深数据分析师 - 音乐事业部028,网易,2000人以上,电商,上市公司,"节日礼物,技能培训,免费班车,带薪年假",25k-45k,3-5年,本科,杭州
数据分析师（风控方向）(T0126),拼多多,2000人以上,"电商,移动互联网",上市公司,"股票期权,专项奖金,弹性工作,扁平管理",20k-40k,1-3年,本科,上海
数据分析师,联元智能科技,50-150人,"移动互联网,数据服务",A轮,"绩效奖金,带薪年假,补充公积金,年底双薪",15k-30k,3-5年,本科,上海
大数据开发工程师,中移互联网,500-2000人,移动互联网,不需要融资,,15k-25k,3-5年,本科,广州
大数据开发工程师,海万科技,500-2000人,"移动互联网,金融",不需要融资,,10k-20k,3-5年,大专,上海
大数据开发工程师,驰骛科技ChiefClouds,50-150人,"数据服务,移动互联网",A轮,,15k-30k,不限,本科,上海
数据分析师,飞常准,500-2000人,移动互联网,不需要融资,"节日礼物,年度旅游,管理规范,五险一金",6k-12k,1-3年,本科,合肥
数据分析师,还呗-智能信贷领先者,500-2000人,金融,B轮,"股票期权,通讯津贴,交通补助,午餐补助",15k-25k,3-5年,本科,上海
数据分析师,辰木互动,50-150人,电商、广告营销,不需要融资,,3k-4k,应届毕业生,本科,成都
数据分析师,辰木互动,50-150人,电商、广告营销,不需要融资,,3k-4k,应届毕业生,本科,成都
大数据开发工程师,翡翠东方TVBC,150-500人,文娱丨内容,不需要融资,"午餐补助,交通补助,通讯津贴,定期体检",18k-25k,5-10年,本科,广州
数据分析师,阿卡索外教网,2000人以上,"教育,移动互联网",C轮,"带薪年假,弹性工作,美女多,领导好",15k-30k,应届毕业生,大专,深圳
数据分析师,盈米财富,50-150人,"移动互联网,金融",B轮,"技能培训,股票期权,午餐补助,绩效奖金",10k-20k,不限,本科,广州
数据分析师,荣乾兴茂,50-150人,"金融,数据服务",未融资,,10k-15k,应届毕业生,本科,北京
大数据开发工程师,小米,2000人以上,硬件,D轮及以上,"快速成长,免费班车,扁平管理,技能培训",20k-40k,3-5年,本科,北京
金融数据分析师(J10066),鲸准,150-500人,"数据服务,企业服务",D轮及以上,"年底双薪,专项奖金,带薪年假,定期体检",8k-15k,不限,本科,北京
大数据开发工程师,中移互联网,500-2000人,移动互联网,不需要融资,,15k-25k,3-5年,本科,广州
资深数据分析师,字节跳动,2000人以上,文娱丨内容,C轮,"扁平管理,弹性工作,大厨定制三餐,就近租房补贴",20k-40k,3-5年,本科,北京
数据分析师,字节跳动,2000人以上,文娱丨内容,C轮,"扁平管理,弹性工作,大厨定制三餐,就近租房补贴",12k-20k,3-5年,本科,北京
数据分析师（股票方向）,通联数据,500-2000人,金融,不需要融资,"五险一金,通讯津贴,带薪年假,节日礼物",7k-14k,3-5年,本科,南京
大数据开发工程师,申朴信息,150-500人,金融,未融资,"节日礼物,技能培训,免费班车,带薪年假",14k-18k,3-5年,本科,深圳
大数据开发工程师,海万科技,500-2000人,"移动互联网,金融",不需要融资,,10k-20k,3-5年,大专,上海
大数据开发工程师,弘康人寿,150-500人,金融,不需要融资,"年底双薪,节日礼物,技能培训,绩效奖金",12k-20k,1-3年,本科,北京
大数据开发工程师,西瓜创客,150-500人,教育,B轮,"牛人多,快速发展",15k-30k,5-10年,不限,成都
数据分析师,FunPlus 趣加游戏,500-2000人,游戏,B轮,"绩效奖金,股票期权,专项奖金,五险一金",20k-40k,3-5年,本科,北京
大数据开发工程师,小米,2000人以上,硬件,D轮及以上,"快速成长,免费班车,扁平管理,技能培训",16k-32k,不限,本科,武汉
HAK-高级数据分析师,顺丰科技有限公司,2000人以上,"软件开发,数据服务",不需要融资,"技能培训,节日礼物,带薪年假,岗位晋升",21k-26k,3-5年,本科,深圳
大数据开发工程师,中沃名霆,50-150人,数据服务、软件开发,未融资,,20k-35k,不限,本科,深圳
大数据开发工程师,云天励飞,500-2000人,人工智能,B轮,"节日礼物,带薪年假,年度旅游,开放务实",20k-30k,3-5年,本科,深圳
大数据开发工程师,音娱时光,50-150人,移动互联网,A轮,"年底双薪,绩效奖金,带薪年假,免费健身",20k-35k,3-5年,本科,北京
大数据开发工程师,易宝软件科技（南京）有限公司,150-500人,移动互联网,上市公司,,15k-20k,3-5年,大专,上海
大数据开发工程师,明源云,2000人以上,电商,上市公司,"高额六险一金,年底双薪,绩效奖金,N项经费",15k-25k,3-5年,本科,深圳
大数据开发工程师,微脉,150-500人,"移动互联网,医疗丨健康",B轮,"股票期权,带薪年假,岗位晋升,年底三薪",25k-45k,5-10年,本科,杭州
游戏数据分析师,动能无线,50-150人,"移动互联网,广告营销",未融资,"年底双薪,午餐补助,带薪年假,绩效奖金",8k-16k,1-3年,本科,深圳
大数据开发工程师,申朴信息,150-500人,金融,未融资,"节日礼物,技能培训,免费班车,带薪年假",14k-18k,3-5年,本科,深圳
数据分析师Leader,深圳市丰巢科技有限公司,500-2000人,消费生活,A轮,"五险一金,通讯津贴,交通补助,带薪年假",20k-40k,3-5年,本科,深圳
大数据开发工程师,贝壳,2000人以上,房产家居,D轮及以上,"股票期权,带薪年假,绩效奖金,扁平管理",30k-50k,5-10年,硕士,北京
大数据开发工程师,驿氪科技EZR,150-500人,"移动互联网,消费生活",B轮,"腾讯投资,微软合作伙伴,云科技50强,小程序服务商",18k-28k,5-10年,本科,上海
数据分析师,字节跳动,2000人以上,文娱丨内容,C轮,"扁平管理,弹性工作,大厨定制三餐,就近租房补贴",20k-40k,3-5年,本科,北京
数据分析师,字节跳动,2000人以上,文娱丨内容,C轮,"扁平管理,弹性工作,大厨定制三餐,就近租房补贴",20k-40k,3-5年,本科,北京
数据分析师,字节跳动,2000人以上,文娱丨内容,C轮,"扁平管理,弹性工作,大厨定制三餐,就近租房补贴",25k-50k,不限,本科,成都
大数据开发工程师,海万科技,500-2000人,"移动互联网,金融",不需要融资,,12k-20k,3-5年,本科,上海
商业分析中心-数据分析师,搜狗,2000人以上,工具,上市公司,"岗位晋升,扁平管理,管理规范,精英团队",20k-40k,3-5年,本科,北京
战略合作部-数据分析师,搜狗,2000人以上,工具,上市公司,"岗位晋升,扁平管理,管理规范,精英团队",8k-16k,1-3年,本科,北京
解决方案顾问/数据分析师,观远数据,150-500人,"企业服务,数据服务",B轮,"绩效奖金,带薪年假,弹性工作,扁平管理",10k-20k,1-3年,本科,杭州
解决方案顾问/数据分析师,观远数据,150-500人,"企业服务,数据服务",B轮,"绩效奖金,带薪年假,弹性工作,扁平管理",10k-20k,3-5年,本科,北京
大数据开发工程师,驿氪科技EZR,150-500人,"移动互联网,消费生活",B轮,"腾讯投资,微软合作伙伴,云科技50强,小程序服务商",18k-28k,5-10年,本科,上海
数据分析师（数据产品） (MJ004333),作业帮,2000人以上,工具,D轮及以上,"免费三餐,技术氛围浓厚,定期体检,新鲜水果",20k-40k,1-3年,本科,北京
大数据开发工程师,贝壳,2000人以上,房产家居,D轮及以上,"股票期权,带薪年假,绩效奖金,扁平管理",30k-50k,5-10年,硕士,北京
大数据开发工程师,恒天软件,2000人以上,软件开发,不需要融资,"技能培训,年底双薪,节日礼物,绩效奖金",8k-15k,3-5年,本科,合肥
数据分析师（金融行业）,DeepTech深科技,15-50人,其他,A轮,,10k-20k,1-3年,本科,北京
产品数据分析师,广州市搜游网络科技,15-50人,移动互联网,A轮,,15k-30k,3-5年,大专,广州
大数据开发工程师,路行通,500-2000人,"移动互联网,消费生活",不需要融资,"年度旅游,岗位晋升,五险一金,弹性工作",15k-30k,3-5年,本科,成都
数据分析师,思码逸Merico,15-50人,"企业服务,人工智能",A轮,"股票期权,绩效奖金,带薪年假,定期体检",25k-40k,5-10年,本科,北京
大数据开发工程师(J11109),朗新科技,2000人以上,"移动互联网,企业服务",上市公司,"技能培训,年底双薪,带薪年假,岗位晋升",7k-10k,应届毕业生,本科,无锡
大数据开发工程师(J11109),朗新科技,2000人以上,"移动互联网,企业服务",上市公司,"技能培训,年底双薪,带薪年假,岗位晋升",8k-12k,应届毕业生,本科,北京
数据分析师,数神科技,150-500人,"移动互联网,数据服务",未融资,"弹性工作,技能培训,岗位晋升,五险一金",13k-23k,3-5年,不限,深圳
兼职数据分析师,华壹信融,150-500人,金融,未融资,,8k-16k,不限,大专,北京
数据分析师,掌门1对1在线教育,2000人以上,"移动互联网,教育",D轮及以上,"技能培训,节日礼物,绩效奖金,岗位晋升",10k-20k,1-3年,本科,上海
数据分析专家,跟谁学,2000人以上,"移动互联网,教育",上市公司,"节日礼物,技能培训,股票期权,精英团队",30k-50k,5-10年,本科,武汉
数据分析师-直播方向,小红书,500-2000人,消费生活,D轮及以上,"年度旅游,节日礼物,专项奖金,带薪年假",25k-40k,3-5年,本科,北京
大数据开发工程师,微脉,150-500人,"移动互联网,医疗丨健康",B轮,"股票期权,带薪年假,岗位晋升,年底三薪",25k-45k,5-10年,本科,杭州
大数据开发工程师,问卷网@爱调研,150-500人,移动互联网,C轮,"技能培训,节日礼物,年底双薪,绩效奖金",15k-20k,1-3年,本科,上海
大数据开发工程师,新萌网络,150-500人,社交,不需要融资,"弹性工作,免费班车,年底双薪,带薪年假",20k-30k,3-5年,本科,上海
高级/资深数据分析师,腾讯,2000人以上,社交,上市公司,"免费班车,成长空间,年度旅游,岗位晋升",20k-40k,3-5年,本科,深圳
腾讯音乐数据分析师,腾讯,2000人以上,社交,上市公司,"免费班车,成长空间,年度旅游,岗位晋升",25k-50k,3-5年,本科,深圳
数据分析师,数美,150-500人,"企业服务,数据服务",C轮,"年底双薪,大数据,带薪年假,通讯津贴",10k-20k,不限,本科,北京
大数据开发工程师,莉莉丝游戏,500-2000人,"移动互联网,游戏",不需要融资,"项目奖金,零食无限量,牛逼的同事,境外旅游",12k-24k,3-5年,本科,上海
商业数据分析师（阿里数据银行）,爱赞网络,50-150人,"移动互联网,广告营销",天使轮,"节日礼物,带薪年假,绩效奖金,五险一金",10k-20k,1-3年,本科,杭州
高级数据分析师(J12284),安居客,500-2000人,移动互联网,上市公司,"年底双薪,绩效奖金,带薪年假,五险一金",20k-30k,3-5年,本科,北京
大数据开发工程师,自如网,2000人以上,房产家居,A轮,"丰厚年薪,六险一金,健康体检,带薪年假",20k-40k,3-5年,本科,北京
高级数据分析师,雅乐科技,50-150人,"移动互联网,电商",B轮,"定期体检,带薪年假,绩效奖金,股票期权",18k-30k,3-5年,本科,杭州
数据分析师,新浪网,2000人以上,文娱丨内容,上市公司,"免费班车,岗位晋升,五险一金,定期体检",15k-30k,1-3年,本科,北京
大数据开发工程师,趣头条,500-2000人,文娱丨内容,上市公司,"专项奖金,带薪年假,弹性工作,管理规范",30k-45k,5-10年,本科,北京
数据分析师,有车以后,150-500人,移动互联网,C轮,"股票期权,带薪年假,弹性工作,五险一金",12k-18k,3-5年,本科,广州
大数据开发工程师,拉勾猎头,500-2000人,"移动互联网,企业服务",D轮及以上,"一手内推信息,猎头专业服务,名企保面试,精准高效对接",20k-35k,3-5年,本科,杭州
数据分析专家,睿琪软件,150-500人,数据服务,不需要融资,"专业红娘牵线,节日礼物,技能培训,岗位晋升",20k-30k,5-10年,本科,杭州
数据分析师&amp;专家,GoFun,500-2000人,移动互联网,B轮,"绩效奖金,午餐补助,带薪年假",15k-25k,3-5年,本科,北京
资深数据分析师,字节跳动,2000人以上,文娱丨内容,C轮,"扁平管理,弹性工作,大厨定制三餐,就近租房补贴",15k-25k,3-5年,本科,北京
数据分析师,字节跳动,2000人以上,文娱丨内容,C轮,"扁平管理,弹性工作,大厨定制三餐,就近租房补贴",15k-25k,1-3年,本科,北京
BI数据分析师,盈余科技,50-150人,"企业服务,数据服务",未融资,"年度旅游,领导好,扁平管理,技能培训",6k-12k,1-3年,本科,江门
数据分析,海万科技,500-2000人,"移动互联网,金融",不需要融资,,10k-15k,1-3年,本科,上海
00037-资深数据分析师/数据分析专家,云集,500-2000人,"电商,移动互联网",上市公司,"绩效奖金,股票期权,五险一金,午餐补助",20k-40k,5-10年,本科,杭州
数据分析师,点纯萍,50-150人,"移动互联网,消费生活",上市公司,"技能培训,带薪年假,岗位晋升,定期体检",8k-15k,3-5年,本科,广州
数据分析,慧择信息集团,500-2000人,"移动互联网,企业服务",不需要融资,"年底双薪,股票期权,绩效奖金,专项奖金",8k-15k,1-3年,本科,深圳
数据分析,广东联通通信建设有限公司,150-500人,其他,上市公司,"技能培训,年底双薪,带薪年假,绩效奖金",5k-8k,不限,不限,韶关
数据分析,美篇,50-150人,"移动互联网,社交",B轮,"弹性工作,期权激励,六险一金,租房补贴",20k-35k,3-5年,本科,北京
00037-资深数据分析师/数据分析专家,云集,500-2000人,"电商,移动互联网",上市公司,"绩效奖金,股票期权,五险一金,午餐补助",20k-40k,5-10年,本科,杭州
数据分析师,点纯萍,50-150人,"移动互联网,消费生活",上市公司,"技能培训,带薪年假,岗位晋升,定期体检",8k-15k,3-5年,本科,广州
数据分析师―互联网运营方向,共创方程式企业管理,500-2000人,教育,不需要融资,"年底双薪,定期体检,绩效奖金,带薪年假",10k-15k,1-3年,本科,苏州
数据分析专家,茉莉传媒,150-500人,广告营销,不需要融资,"股票期权,弹性工作,简单直接,岗位晋升",10k-15k,3-5年,本科,广州
数据分析,汇合,2000人以上,"企业服务,金融",不需要融资,"绩效奖金,带薪年假,管理规范,五险一金",8k-16k,不限,本科,深圳
数据分析师,蝉鸣,150-500人,"教育,移动互联网",A轮,"股票期权,绩效奖金,带薪年假,六险一金",8k-13k,3-5年,本科,西安
数据分析专家,睿琪软件,150-500人,数据服务,不需要融资,"专业红娘牵线,节日礼物,技能培训,岗位晋升",20k-30k,5-10年,本科,杭州
高级数据分析师,字节跳动,2000人以上,文娱丨内容,C轮,"扁平管理,弹性工作,大厨定制三餐,就近租房补贴",8k-16k,3-5年,本科,武汉
国际化数据分析师,字节跳动,2000人以上,文娱丨内容,C轮,"扁平管理,弹性工作,大厨定制三餐,就近租房补贴",20k-40k,3-5年,本科,上海
大数据开发工程师,维恩贝特,500-2000人,电商,上市公司,"年底双薪,五险一金,通讯津贴,交通补助",15k-30k,3-5年,本科,北京
数据分析师,唯医骨科,150-500人,医疗健康,B轮,"带薪年假,垂直社区,绩效奖金,扁平管理",15k-30k,3-5年,本科,北京
数据分析师,互盾科技,150-500人,"移动互联网,电商",不需要融资,"绩效奖金,交通补助,年终红包,五险一金",15k-30k,1-3年,本科,上海
数据分析师,广州市果肉教育科技有限公司,500-2000人,"移动互联网,教育",不需要融资,"年底双薪,弹性工作,年度旅游,节日礼物",15k-30k,3-5年,本科,广州
大数据开发工程师,小红书,500-2000人,消费生活,D轮及以上,"年度旅游,节日礼物,专项奖金,带薪年假",25k-50k,3-5年,本科,北京
数据分析师,掌门1对1在线教育,2000人以上,"移动互联网,教育",D轮及以上,"技能培训,节日礼物,绩效奖金,岗位晋升",15k-25k,1-3年,本科,上海
数据分析师,掌门1对1在线教育,2000人以上,"移动互联网,教育",D轮及以上,"技能培训,节日礼物,绩效奖金,岗位晋升",15k-25k,1-3年,本科,上海
数据分析师实习生,云表汇通,15-50人,"数据服务,人工智能",A轮,,3k-6k,应届毕业生,不限,杭州
金融数据分析师,北京盛业联众资产管理集团有限公司,50-150人,金融,未融资,,10k-15k,3-5年,本科,北京
数据分析专家,茉莉传媒,150-500人,广告营销,不需要融资,"股票期权,弹性工作,简单直接,岗位晋升",10k-15k,3-5年,本科,广州
高级/资深数据分析师,易观,150-500人,"移动互联网,数据服务",B轮,"专项奖金,午餐补助,技能培训,扁平管理",25k-50k,5-10年,本科,北京
数据分析,海万科技,500-2000人,"移动互联网,金融",不需要融资,,10k-18k,3-5年,本科,上海
数据分析,慧择信息集团,500-2000人,"移动互联网,企业服务",不需要融资,"年底双薪,股票期权,绩效奖金,专项奖金",8k-15k,1-3年,本科,深圳
数据分析,广东联通通信建设有限公司,150-500人,其他,上市公司,"技能培训,年底双薪,带薪年假,绩效奖金",5k-8k,不限,不限,韶关
大数据开发工程师,盛业资本,150-500人,"金融,数据服务",上市公司,,15k-25k,3-5年,本科,深圳
高级数据分析师,Goat Games,50-150人,游戏,上市公司,"午餐补助,年终奖,绩效奖金,年度旅游",15k-25k,3-5年,本科,广州
数据分析师,哈出行,2000人以上,"移动互联网,硬件",D轮及以上,"绩效奖金,年底双薪,股票期权,交通补助",15k-25k,3-5年,本科,上海
数据分析,立创商城,150-500人,"电商,硬件",A轮,"节日礼物,五险一金,水果、下午茶,带薪年假",10k-18k,1-3年,大专,深圳
数据分析师,蓝月亮,2000人以上,消费生活,不需要融资,"五险一金,带薪年假,免费班车,定期体检",8k-16k,不限,本科,广州
数据分析师（挖掘方向）,吉比特,500-2000人,游戏,上市公司,"上市游戏公司,六险一金,住房补贴,旅游经费",15k-25k,3-5年,本科,深圳
数据分析师,iPIN.com,50-150人,数据服务,C轮,"发展迅猛,领导好,学习型文化,平等的氛围",15k-30k,3-5年,硕士,深圳
业务数据分析师,西安超斯塔科技有限公司,150-500人,"移动互联网,广告营销",上市公司,,3k-5k,不限,本科,西安
数据分析师,中视信息,15-50人,"数据服务,软件开发",不需要融资,,10k-20k,3-5年,大专,广州
大数据开发工程师,生学教育,150-500人,"移动互联网,教育",A轮,"节日礼物,专项奖金,股票期权,带薪年假",10k-20k,1-3年,本科,成都
高级数据分析师,绿湾科技,150-500人,"企业服务,数据服务",B轮,"期权激励,住房补贴,全额公积金,弹性工作",20k-35k,3-5年,不限,北京
大数据开发工程师,中交智运,2000人以上,"移动互联网,物流丨运输",不需要融资,,15k-20k,3-5年,本科,天津
大数据开发工程师,卡拉卡尔,150-500人,"数据服务,文娱丨内容",不需要融资,"技能培训,节日礼物,带薪年假,绩效奖金",10k-15k,3-5年,本科,成都
高级数据分析师,中顺网络,150-500人,"游戏,移动互联网",未融资,"年底双薪,股票期权,绩效奖金,带薪年假",15k-20k,3-5年,本科,广州
大数据开发工程师,恒大智慧科技有限公司,500-2000人,人工智能,不需要融资,,30k-40k,5-10年,本科,深圳
大数据开发工程师,CLPS,500-2000人,"数据服务,金融",未融资,"专项奖金,带薪年假,定期体检,交通补助",12k-18k,3-5年,不限,成都
数据分析师,数美,150-500人,"企业服务,数据服务",C轮,"年底双薪,大数据,带薪年假,通讯津贴",15k-30k,1-3年,本科,北京
数据分析师-Lark,字节跳动,2000人以上,文娱丨内容,C轮,"扁平管理,弹性工作,大厨定制三餐,就近租房补贴",20k-40k,3-5年,本科,杭州
产品数据分析师,字节跳动,2000人以上,文娱丨内容,C轮,"扁平管理,弹性工作,大厨定制三餐,就近租房补贴",20k-40k,5-10年,本科,北京
产品数据分析师,字节跳动,2000人以上,文娱丨内容,C轮,"扁平管理,弹性工作,大厨定制三餐,就近租房补贴",20k-40k,5-10年,本科,北京
数据分析师,Magic Tavern,150-500人,游戏,不需要融资,"年底双薪,定期体检,带薪年假,绩效奖金",20k-40k,5-10年,本科,北京
大数据开发工程师,易流,500-2000人,移动互联网,不需要融资,"绩效奖金,年底双薪,五险一金,股票期权",15k-25k,1-3年,本科,西安
数据分析师,伴伴,50-150人,"移动互联网,社交",不需要融资,"年底双薪,午餐补助,弹性工作,扁平管理",15k-30k,3-5年,本科,武汉
数据分析师,安徽省刀锋网络科技有限公司,500-2000人,"移动互联网,游戏",B轮,"年底双薪,专项奖金,年终分红,带薪年假",8k-12k,1-3年,大专,郑州
大数据开发工程师,新希望六和,2000人以上,其他,上市公司,,20k-25k,5-10年,本科,成都
数据分析师,安徽省刀锋网络科技有限公司,500-2000人,"移动互联网,游戏",B轮,"年底双薪,专项奖金,年终分红,带薪年假",12k-18k,3-5年,本科,深圳
大数据开发工程师,申朴信息,150-500人,金融,未融资,"节日礼物,技能培训,免费班车,带薪年假",13k-20k,3-5年,本科,上海
数据分析师,TCL,2000人以上,"移动互联网,其他",上市公司,"年底双薪,带薪年假,定期体检,绩效奖金",18k-30k,3-5年,本科,深圳
数据分析师,水滴公司,2000人以上,"移动互联网,医疗丨健康",C轮,"网络互助,医疗健康,网络筹款,互联网金融",15k-30k,3-5年,本科,北京
大数据开发工程师,虎牙科技,500-2000人,"社交,游戏",上市公司,"五险一金,年底双薪,午餐补助,带薪年假",18k-35k,1-3年,不限,广州
数据分析师,一点资讯,500-2000人,文娱丨内容,D轮及以上,"带薪年假,扁平管理,弹性工作,领导好",15k-30k,不限,本科,北京
数据分析师,智品网络,50-150人,"移动互联网,电商",A轮,"五险一金,健身器材,扁平管理,产品为主",18k-25k,3-5年,本科,广州
大数据开发工程师,九栖科技,50-150人,信息安全、数据服务,未融资,,10k-20k,1-3年,本科,南昌
数据分析师,粤达互娱,50-150人,"社交,软件开发",不需要融资,"带薪年假,定期体检,氛围愉快,弹性工作",8k-12k,1-3年,本科,广州
大数据开发工程师,伽轩,150-500人,"电商,移动互联网",B轮,,18k-25k,不限,本科,深圳
数据分析师,55海淘,150-500人,电商,上市公司,"股票期权,带薪年假,绩效奖金,岗位晋升",14k-20k,3-5年,本科,上海
大数据开发工程师,亿玛在线-互联网营销领航者,500-2000人,"移动互联网,电商",上市公司,"技能培训,绩效奖金,年度旅游,岗位晋升",18k-25k,3-5年,本科,北京
大数据开发工程师,小鹅（小鹅通）,500-2000人,"移动互联网,社交",B轮,"扁平管理,领导nice,专项奖金,定期体检",10k-20k,1-3年,本科,深圳
大数据平台开发工程师,腾讯,2000人以上,社交,上市公司,"免费班车,成长空间,年度旅游,岗位晋升",20k-40k,不限,本科,深圳
29569-大数据应用开发工程师,腾讯,2000人以上,社交,上市公司,"免费班车,成长空间,年度旅游,岗位晋升",20k-40k,3-5年,本科,深圳
大数据开发工程师,博悦科创,500-2000人,移动互联网,不需要融资,"年底双薪,定期体检,绩效奖金,技能培训",10k-18k,1-3年,大专,深圳
资深数据分析师（商品方向）G01053,云集,500-2000人,"电商,移动互联网",上市公司,"绩效奖金,股票期权,五险一金,午餐补助",15k-30k,3-5年,本科,杭州
大数据开发工程师,喜茶,2000人以上,"移动互联网,消费生活",B轮,"年底双薪,带薪年假,节日礼物,美女多",15k-30k,3-5年,本科,深圳
大数据开发工程师,紫川软件,500-2000人,"电商,金融",不需要融资,"节日礼物,年底双薪,绩效奖金,岗位晋升",13k-20k,3-5年,本科,深圳
数据分析师,博乐科技,150-500人,移动互联网,不需要融资,"节日礼物,年底双薪,绩效奖金,岗位晋升",15k-30k,1-3年,本科,北京
bi数据分析师,饿了么,2000人以上,消费生活,D轮及以上,"节日礼物,绩效奖金,年度旅游,岗位晋升",8k-16k,3-5年,本科,太原
管理运营部门-数据分析师,阿卡索外教网,2000人以上,"教育,移动互联网",C轮,"带薪年假,弹性工作,美女多,领导好",8k-12k,应届毕业生,本科,深圳
数据分析师,掌门1对1在线教育,2000人以上,"移动互联网,教育",D轮及以上,"技能培训,节日礼物,绩效奖金,岗位晋升",12k-24k,3-5年,本科,上海
数据分析师,诗悦网络,150-500人,游戏,不需要融资,"年底双薪,技能培训,节日礼物,绩效奖金",15k-30k,3-5年,本科,广州
数据分析师,益玩游戏,150-500人,游戏,B轮,"年底双薪,节日礼物,技能培训,年度旅游",15k-25k,3-5年,不限,广州
数据分析,华苏科技,2000人以上,"移动互联网,企业服务",上市公司,"节日礼物,年底双薪,股票期权,带薪年假",8k-10k,1-3年,本科,杭州
数据分析师,一亩田,500-2000人,"移动互联网,电商",C轮,"节日礼物,年底双薪,专项奖金,股票期权",15k-25k,不限,不限,北京
EA数据平台-数据分析师,字节跳动,2000人以上,文娱丨内容,C轮,"扁平管理,弹性工作,大厨定制三餐,就近租房补贴",25k-35k,不限,本科,北京
商业化数据分析师 ― 视觉业务,字节跳动,2000人以上,文娱丨内容,C轮,"扁平管理,弹性工作,大厨定制三餐,就近租房补贴",10k-20k,3-5年,本科,北京
数据分析师,腾讯,2000人以上,社交,上市公司,"免费班车,成长空间,年度旅游,岗位晋升",9k-13k,1-3年,本科,成都
数据分析师,腾讯,2000人以上,社交,上市公司,"免费班车,成长空间,年度旅游,岗位晋升",9k-13k,1-3年,本科,重庆
数据分析师DA,FunPlus 趣加游戏,500-2000人,游戏,B轮,"绩效奖金,股票期权,专项奖金,五险一金",19k-25k,1-3年,本科,北京
数据分析师,五叶草大数空间,50-150人,"移动互联网,数据服务",未融资,"交通补助,午餐补助,通讯津贴,弹性工作",10k-15k,1-3年,本科,杭州
数据分析师,作业帮,2000人以上,工具,D轮及以上,"免费三餐,技术氛围浓厚,定期体检,新鲜水果",15k-25k,1-3年,本科,北京
大数据分析师,高阳捷迅,150-500人,电商,不需要融资,"免费班车,带薪年假,绩效奖金,补充医疗",10k-15k,应届毕业生,本科,武汉
数据分析师,叮咚买菜,2000人以上,消费生活,B轮,"弹性工作,扁平管理,股票期权,带薪年假",20k-35k,3-5年,本科,上海
大数据开发工程师,小米,2000人以上,硬件,D轮及以上,"快速成长,免费班车,扁平管理,技能培训",20k-40k,1-3年,本科,北京
数据分析师,数位科技,150-500人,企业服务,B轮,"大数据弄潮儿,大牛云集,高并发,14薪起",18k-35k,3-5年,本科,深圳
数据分析师,微众信科,150-500人,"金融,数据服务",D轮及以上,"年底双薪,午餐补助,年终分红,绩效奖金",10k-18k,不限,硕士,深圳
大数据开发工程师,小米,2000人以上,硬件,D轮及以上,"快速成长,免费班车,扁平管理,技能培训",20k-40k,1-3年,本科,北京
数据分析师,数位科技,150-500人,企业服务,B轮,"大数据弄潮儿,大牛云集,高并发,14薪起",18k-35k,3-5年,本科,深圳
数据分析师,微众信科,150-500人,"金融,数据服务",D轮及以上,"年底双薪,午餐补助,年终分红,绩效奖金",10k-18k,不限,硕士,深圳
数据分析,盈富斯,150-500人,电商,C轮,"股票期权,带薪年假,五险一金,弹性工作",6k-8k,1-3年,本科,广州
数据分析师,广发银行信用卡中心,2000人以上,金融,不需要融资,"管理规范,平台大机遇好,金融科技,绩效奖金",10k-20k,3-5年,本科,广州
数据分析师,找靓机,500-2000人,"移动互联网,电商",B轮,"技能培训,绩效奖金,岗位晋升,扁平管理",12k-18k,3-5年,本科,深圳
数据分析师,阿里巴巴-阿里数据（数据技术及产品部）,2000人以上,电商,上市公司,"绩效奖金,股票期权,带薪年假,定期体检",10k-20k,应届毕业生,本科,杭州
数据分析师-英语教育产品,字节跳动,2000人以上,文娱丨内容,C轮,"扁平管理,弹性工作,大厨定制三餐,就近租房补贴",15k-30k,1-3年,本科,北京
EA数据平台-数据分析师,字节跳动,2000人以上,文娱丨内容,C轮,"扁平管理,弹性工作,大厨定制三餐,就近租房补贴",25k-35k,不限,本科,北京
数据分析师,沃菲数字营销,50-150人,"广告营销,企业服务",未融资,"专项奖金,年终分红,绩效奖金,带薪年假",5k-10k,1-3年,本科,深圳
大数据开发工程师,浙江农信,2000人以上,"其他,金融",未融资,"管理规范,岗位晋升,五险一金,绩效奖金",15k-25k,1-3年,本科,杭州
大数据开发工程师,浙江农信,2000人以上,"其他,金融",未融资,"管理规范,岗位晋升,五险一金,绩效奖金",15k-25k,1-3年,本科,杭州
大数据开发工程师,印孚瑟斯,2000人以上,移动互联网,上市公司,"节日礼物,技能培训,免费班车,岗位晋升",15k-20k,3-5年,本科,广州
数据分析师,京东集团,2000人以上,电商,上市公司,"五险一金,带薪年假,免费班车,定期体检",15k-30k,3-5年,本科,北京
数据分析师,上海初生网络科技有限公司,50-150人,"移动互联网,社交",B轮,"带薪年假,年度旅游,扁平管理,五险一金",15k-18k,1-3年,本科,上海
大数据开发工程师,浙江农信,2000人以上,"其他,金融",未融资,"管理规范,岗位晋升,五险一金,绩效奖金",15k-25k,1-3年,本科,杭州
大数据开发工程师,浙江农信,2000人以上,"其他,金融",未融资,"管理规范,岗位晋升,五险一金,绩效奖金",15k-25k,1-3年,本科,杭州
大数据开发工程师,印孚瑟斯,2000人以上,移动互联网,上市公司,"节日礼物,技能培训,免费班车,岗位晋升",15k-20k,3-5年,本科,广州
数据分析师,京东集团,2000人以上,电商,上市公司,"五险一金,带薪年假,免费班车,定期体检",15k-30k,3-5年,本科,北京
数据分析师,上海初生网络科技有限公司,50-150人,"移动互联网,社交",B轮,"带薪年假,年度旅游,扁平管理,五险一金",15k-18k,1-3年,本科,上海
数据分析师,爱奇艺,2000人以上,文娱丨内容,上市公司,"绩效奖金,五险一金,交通补助,带薪年假",19k-38k,5-10年,本科,北京
资深数据分析师,爱奇艺,2000人以上,文娱丨内容,上市公司,"绩效奖金,五险一金,交通补助,带薪年假",20k-40k,5-10年,本科,北京
资深数据分析师,一点资讯,500-2000人,文娱丨内容,D轮及以上,"带薪年假,扁平管理,弹性工作,领导好",20k-35k,3-5年,硕士,北京
资深数据分析师,拉勾网,500-2000人,企业服务,D轮及以上,"五险一金,弹性工作,带薪年假,免费两餐",20k-35k,3-5年,本科,北京
资深数据分析师,拉勾网,500-2000人,企业服务,D轮及以上,"五险一金,弹性工作,带薪年假,免费两餐",20k-35k,3-5年,本科,北京
数据分析师,爱美购,50-150人,"移动互联网,电商",不需要融资,"股票期权,绩效奖金,五险一金,带薪年假",10k-20k,3-5年,本科,深圳
大数据BI开发工程师,海万科技,500-2000人,"移动互联网,金融",不需要融资,,14k-20k,3-5年,本科,深圳
大数据开发工程师-广州,中信网科,500-2000人,金融,不需要融资,"技能培训,带薪年假,扁平管理,领导好",13k-20k,3-5年,本科,广州
数据分析师,长新大数据,15-50人,数据服务,不需要融资,,8k-15k,1-3年,本科,武汉
大数据开发工程师（北京）,蜻蜓FM,150-500人,移动互联网,D轮及以上,"明星直播,男女1:1,带薪年假,扁平管理",20k-40k,3-5年,硕士,北京
资深数据分析师,51Talk 无忧英语,2000人以上,"移动互联网,教育",上市公司,"带薪年假,股票期权,绩效奖金,定期体检",25k-35k,3-5年,硕士,北京
数据分析师,广州汇智通信技术有限公司,500-2000人,信息安全,不需要融资,"国资背景,年底双薪,绩效奖金,带薪年假",10k-15k,不限,本科,广州
数据分析师,悦动,150-500人,"移动互联网,社交",C轮,"带薪年假,绩效奖金,弹性工作,年度旅游",15k-25k,3-5年,本科,深圳
EA数据平台-数据分析师,字节跳动,2000人以上,文娱丨内容,C轮,"扁平管理,弹性工作,大厨定制三餐,就近租房补贴",25k-35k,不限,本科,北京
高级数据分析师（文旅方向）,字节跳动,2000人以上,文娱丨内容,C轮,"扁平管理,弹性工作,大厨定制三餐,就近租房补贴",18k-25k,3-5年,硕士,北京
数据分析师,爱奇艺,2000人以上,文娱丨内容,上市公司,"绩效奖金,五险一金,交通补助,带薪年假",16k-30k,3-5年,本科,上海
数据分析师,斯干,150-500人,"移动互联网,文娱丨内容",B轮,"节日礼物,股票期权,扁平管理,帅哥多",15k-30k,3-5年,本科,上海
高级数据分析师,UU跑腿,150-500人,"移动互联网,消费生活",B轮,"股票期权,绩效奖金,岗位晋升,年度旅游",10k-15k,5-10年,本科,郑州
数据分析师,wlaike,150-500人,"移动互联网,企业服务",B轮,"年底双薪,帅哥多,绩效奖金,专项奖金",20k-40k,3-5年,本科,深圳
PCG创新项目-增长数据分析师,腾讯,2000人以上,社交,上市公司,"免费班车,成长空间,年度旅游,岗位晋升",25k-50k,不限,本科,北京
PCG创新项目-增长数据分析师,腾讯,2000人以上,社交,上市公司,"免费班车,成长空间,年度旅游,岗位晋升",25k-50k,不限,本科,深圳
数据分析师,广州小迈,150-500人,移动互联网,B轮,"年度旅游,六险一金,餐费补贴,递增年假",10k-15k,1-3年,本科,广州
数据分析,芳果,50-150人,"移动互联网,电商",A轮,"绩效奖金,带薪年假,定期体检,弹性工作",7k-14k,1-3年,本科,杭州
数据分析师,深圳市天杭科技有限公司,50-150人,"移动互联网,区块链",不需要融资,,15k-25k,1-3年,本科,深圳
数据分析师,九吨科技,150-500人,移动互联网,不需要融资,"绩效奖金,定期体检,午餐补助,带薪年假",6k-9k,1-3年,本科,重庆
数据分析师,优矩互动,15-50人,广告营销,不需要融资,,8k-12k,不限,本科,北京
java开发工程师-大数据,小米,2000人以上,硬件,D轮及以上,"快速成长,免费班车,扁平管理,技能培训",13k-26k,不限,本科,武汉
数据分析师,i云保,50-150人,金融,B轮,,14k-25k,3-5年,本科,上海
高级大数据开发工程师,闲徕互娱,150-500人,移动互联网,不需要融资,"股票期权,带薪年假,专项奖金,绩效奖金",25k-50k,3-5年,本科,北京
0231H6-数据分析师,平安人寿,2000人以上,金融,上市公司,"绩效奖金,带薪年假,定期体检,节日礼物",10k-20k,3-5年,本科,深圳
0231H7-数据分析师,平安人寿,2000人以上,金融,上市公司,"绩效奖金,带薪年假,定期体检,节日礼物",10k-20k,3-5年,本科,深圳
数据分析,阿里UC-信息安全&用户联络中心,2000人以上,"文娱丨内容,信息安全",上市公司,,10k-16k,1-3年,本科,广州
数据分析师,上海浩宜信息科技有限公司,150-500人,"数据服务,人工智能",不需要融资,"绩效奖金,定期体检,股票期权,通讯津贴",5k-7k,1-3年,本科,上海
资深数据分析师 (MJ000244),玖富数科集团,2000人以上,金融,D轮及以上,"绩效奖金,免费班车,五险一金,部门旅游",20k-30k,5-10年,本科,北京
BI数据分析师 (MJ000271),玖富数科集团,2000人以上,金融,D轮及以上,"绩效奖金,免费班车,五险一金,部门旅游",20k-30k,3-5年,本科,北京
数据分析师,汇信科技,150-500人,"移动互联网,电商",未融资,"节日礼物,带薪年假,岗位晋升,美女多",15k-20k,3-5年,本科,杭州
数据分析师,爱奇艺,2000人以上,文娱丨内容,上市公司,"绩效奖金,五险一金,交通补助,带薪年假",20k-40k,3-5年,本科,北京
移动生态用户增长部_大事件活动数据分析师,百度,2000人以上,工具,不需要融资,"股票期权,弹性工作,五险一金,免费班车",20k-40k,3-5年,本科,北京
SJK-Java开发工程师（大数据算法团队）,顺丰科技有限公司,2000人以上,"软件开发,数据服务",不需要融资,"技能培训,节日礼物,带薪年假,岗位晋升",20k-35k,5-10年,本科,深圳
天猫数据分析师,花野科技,50-150人,电商,未融资,,8k-16k,3-5年,不限,杭州
数据分析师,网营科技,150-500人,电商,不需要融资,"五险一金,周末双休,氛围超嗨,节日礼物",6k-12k,1-3年,本科,杭州
数据分析师,大头兄弟,50-150人,"移动互联网,文娱丨内容",A轮,"年底双薪,年终奖,短视频应用,千万级用户",15k-30k,3-5年,本科,深圳
数据分析师（文本数据建模）,上海浩宜信息科技有限公司,150-500人,"数据服务,人工智能",不需要融资,"绩效奖金,定期体检,股票期权,通讯津贴",6k-8k,1-3年,本科,上海
数据分析,华壹信融,150-500人,金融,未融资,,6k-12k,应届毕业生,不限,北京
数据运营分析师,问卷网@爱调研,150-500人,移动互联网,C轮,"技能培训,节日礼物,年底双薪,绩效奖金",8k-12k,1-3年,本科,上海
大数据开发工程师（数仓）,万郡绿建,500-2000人,"电商,房产家居",不需要融资,"年底双薪,带薪年假,五险一金,住宿",18k-30k,5-10年,本科,杭州
数据分析师,松果出行,150-500人,消费生活,C轮,"年底双薪,股票期权,带薪年假,年度旅游",12k-20k,3-5年,本科,北京
大数据分析师,万兴科技集团股份有限公司,500-2000人,移动互联网,上市公司,"股票期权,骨干配车,创业平台,餐饮补助",15k-20k,3-5年,本科,深圳
数据分析师,信用生活,50-150人,"移动互联网,金融",A轮,"年底双薪,股票期权,绩效奖金,带薪年假",15k-30k,3-5年,本科,广州
数据分析师,天乙佳,500-2000人,电商、社交,天使轮,"股票期权,带薪年假,午餐补助,年终分红",15k-25k,3-5年,不限,杭州
GJY-大数据开发工程师,顺丰科技有限公司,2000人以上,"软件开发,数据服务",不需要融资,"技能培训,节日礼物,带薪年假,岗位晋升",15k-26k,3-5年,本科,深圳
数据分析师,中移在线服务有限公司,2000人以上,移动互联网,不需要融资,,15k-25k,3-5年,本科,郑州
数据分析师,热云数据,150-500人,"数据服务,移动互联网",B轮,"六险一金,工作居住证,年度旅游,定期体检",15k-25k,3-5年,本科,北京
数据分析师,滴滴优点,50-150人,移动互联网,不需要融资,"五险一金,加班补助,年终奖,股票期权",15k-30k,3-5年,本科,深圳
数据分析师,草花互动,150-500人,"移动互联网,游戏",未融资,"专项奖金,股票期权,带薪年假,领导好",9k-15k,1-3年,本科,长沙
大数据计算与调度平台开发工程师,自如网,2000人以上,房产家居,A轮,"丰厚年薪,六险一金,健康体检,带薪年假",20k-40k,3-5年,本科,北京
大数据开发工程师,平安产险,2000人以上,金融,上市公司,"绩效奖金 ,五险一金 ,带薪年假 ,年度旅游 ",15k-30k,3-5年,本科,深圳
数据分析师,广州市果肉教育科技有限公司,500-2000人,"移动互联网,教育",不需要融资,"年底双薪,弹性工作,年度旅游,节日礼物",15k-30k,3-5年,本科,广州
大数据开发工程师,博悦科创,500-2000人,移动互联网,不需要融资,"年底双薪,定期体检,绩效奖金,技能培训",14k-20k,3-5年,本科,深圳
数据分析师,nice,150-500人,"移动互联网,社交",C轮,"股票期权,年底双薪,绩效奖金,五险一金",10k-20k,1-3年,本科,北京
EA数据平台-数据分析师,字节跳动,2000人以上,文娱丨内容,C轮,"扁平管理,弹性工作,大厨定制三餐,就近租房补贴",25k-35k,不限,本科,北京
高级数据分析师-抖音/火山,字节跳动,2000人以上,文娱丨内容,C轮,"扁平管理,弹性工作,大厨定制三餐,就近租房补贴",25k-50k,3-5年,本科,北京
开放世界MMORPG手游高级数据分析师（深圳）,腾讯,2000人以上,社交,上市公司,"免费班车,成长空间,年度旅游,岗位晋升",18k-35k,3-5年,本科,深圳
大数据ETL开发工程师,滴滴,2000人以上,汽车丨出行,不需要融资,"弹性工作,节日礼物,岗位晋升,技能培训",20k-40k,1-3年,本科,北京
商业数据分析师,作业帮,2000人以上,工具,D轮及以上,"免费三餐,技术氛围浓厚,定期体检,新鲜水果",20k-35k,5-10年,本科,北京
数据分析师,启尔智信息科技,15-50人,移动互联网,未融资,,8k-15k,3-5年,大专,广州
数据分析师助理,中鑫环汇商务咨询,50-150人,金融,不需要融资,,4k-8k,1-3年,大专,西安
高级数据分析师,Gridsum 国双,500-2000人,"数据服务,企业服务",上市公司,"节日礼物,年底双薪,带薪年假,午餐补助",10k-20k,3-5年,本科,上海
数据分析师,北京瑞友,2000人以上,电商,上市公司,,10k-20k,不限,本科,成都
数据分析专家,跟谁学,2000人以上,"移动互联网,教育",上市公司,"节日礼物,技能培训,股票期权,精英团队",25k-40k,5-10年,本科,武汉
数据分析实习生,转转,500-2000人,"移动互联网,消费生活",B轮,"带薪年假,定期体检,交通补助,年底双薪",3k-5k,应届毕业生,本科,杭州
093131-数据分析师,平安健康保险,500-2000人,金融,未融资,,15k-25k,3-5年,本科,北京
急聘大数据开发工程师,博悦科创,500-2000人,移动互联网,不需要融资,"年底双薪,定期体检,绩效奖金,技能培训",11k-18k,3-5年,本科,深圳
大数据开发工程师,FOTILE方太,2000人以上,"移动互联网,电商",不需要融资,"节日礼物,培训发展,年度旅游,岗位晋升",25k-30k,5-10年,本科,上海
游戏数据分析师,字节跳动,2000人以上,文娱丨内容,C轮,"扁平管理,弹性工作,大厨定制三餐,就近租房补贴",15k-30k,3-5年,本科,北京
游戏数据分析师,字节跳动,2000人以上,文娱丨内容,C轮,"扁平管理,弹性工作,大厨定制三餐,就近租房补贴",15k-30k,3-5年,本科,北京
数据分析师,么么直播,50-150人,"移动互联网,社交",不需要融资,"扁平管理,节日礼物,年度旅游,五险一金",8k-12k,应届毕业生,本科,上海
BI数据分析师,ONES,50-150人,"移动互联网,企业服务",B轮,"定期体检,周末双休,六险一金,包午餐",12k-22k,1-3年,本科,深圳
高级数据分析师,哗啦啦,500-2000人,"移动互联网,消费生活",不需要融资,"技能培训,岗位晋升,领导好,带薪年假",25k-45k,3-5年,本科,北京
大数据应用开发工程师-高级 (MJ000037),星环科技,500-2000人,数据服务,D轮及以上,"五险一金,年底双薪,带薪年假,弹性工作",15k-25k,1-3年,本科,南京
大数据开发工程师 (MJ000299),星环科技,500-2000人,数据服务,D轮及以上,"五险一金,年底双薪,带薪年假,弹性工作",13k-26k,1-3年,本科,南京
游戏数据分析师,创梦天地,500-2000人,游戏,上市公司,"绩效奖金,五险一金,带薪年假,节日礼物",15k-28k,3-5年,本科,深圳
数据分析师,巴图鲁公司,500-2000人,汽车丨出行,C轮,"技能培训,节日礼物,年底双薪,带薪年假",8k-12k,1-3年,本科,广州
大数据开发工程师,海康交通大数据,50-150人,"移动互联网,数据服务",不需要融资,,15k-25k,3-5年,本科,成都
高级大数据开发工程师,Anker,500-2000人,移动互联网,不需要融资,"股票期权,带薪年假,定期体检,年底多薪",15k-25k,3-5年,本科,深圳
游戏数据分析师,创梦天地,500-2000人,游戏,上市公司,"绩效奖金,五险一金,带薪年假,节日礼物",15k-28k,3-5年,本科,深圳
数据分析师,巴图鲁公司,500-2000人,汽车丨出行,C轮,"技能培训,节日礼物,年底双薪,带薪年假",8k-12k,1-3年,本科,广州
大数据开发工程师,海康交通大数据,50-150人,"移动互联网,数据服务",不需要融资,,15k-25k,3-5年,本科,成都
高级大数据开发工程师,Anker,500-2000人,移动互联网,不需要融资,"股票期权,带薪年假,定期体检,年底多薪",15k-25k,3-5年,本科,深圳
大数据开发工程师,悟空租车,150-500人,"消费生活,电商",B轮,"专项奖金,股票期权,带薪年假,早晚餐",10k-20k,1-3年,本科,北京
数据分析师,无极慧通,50-150人,"医疗丨健康,数据服务",A轮,"技能培训,年底双薪,岗位晋升,领导好",10k-15k,3-5年,本科,北京
移动生态用户增长部_数据分析师,百度,2000人以上,工具,不需要融资,"股票期权,弹性工作,五险一金,免费班车",20k-40k,3-5年,本科,北京
数据分析师,阅文集团,500-2000人,文娱丨内容,上市公司,"年终分红,年底双薪,五险一金,交通补助",20k-30k,3-5年,本科,北京
金融数据分析师,慧择信息集团,500-2000人,"移动互联网,企业服务",不需要融资,"年底双薪,股票期权,绩效奖金,专项奖金",10k-15k,1-3年,本科,北京
高级数据分析师(J10066),中康资讯,150-500人,"移动互联网,医疗丨健康",不需要融资,"扁平管理,岗位晋升,五险一金,绩效奖金",15k-25k,5-10年,本科,广州
数据分析师,新浪网,2000人以上,文娱丨内容,上市公司,"免费班车,岗位晋升,五险一金,定期体检",13k-25k,3-5年,本科,北京
高级数据分析师,萌兔实业,500-2000人,电商,未融资,,5k-10k,3-5年,本科,上饶
高级数据分析师,字节跳动,2000人以上,文娱丨内容,C轮,"扁平管理,弹性工作,大厨定制三餐,就近租房补贴",15k-25k,不限,本科,武汉
数据分析实习生,字节跳动,2000人以上,文娱丨内容,C轮,"扁平管理,弹性工作,大厨定制三餐,就近租房补贴",4k-6k,不限,本科,北京
数据分析师实习-在校实习生,鞅聚信息,少于15人,移动互联网,未融资,"股票期权,带薪年假",2k-4k,应届毕业生,不限,上海
数据分析师(J10344),TalkingData,500-2000人,移动互联网,C轮,"精英团队,扁平管理,海量数据,弹性工作",15k-25k,1-3年,本科,北京
高级数据分析师（数据经理）(J10346),TalkingData,500-2000人,移动互联网,C轮,"精英团队,扁平管理,海量数据,弹性工作",20k-30k,3-5年,本科,北京
数据分析师,小米,2000人以上,硬件,D轮及以上,"快速成长,免费班车,扁平管理,技能培训",15k-30k,3-5年,本科,北京
资深数据分析师,茄子快传,150-500人,工具,B轮,"技能培训,领导好,美女多,帅哥多",20k-40k,5-10年,本科,北京
大数据分析师,四方伟业,500-2000人,移动互联网,不需要融资,"技能培训,年底双薪,股票期权,带薪年假",7k-12k,应届毕业生,硕士,成都
大数据开发工程师,一点资讯,500-2000人,文娱丨内容,D轮及以上,"带薪年假,扁平管理,弹性工作,领导好",20k-30k,1-3年,本科,北京
数据分析师,华策,50-150人,移动互联网,未融资,"绩效奖金,年终分红,带薪年假,五险一金",10k-20k,3-5年,本科,深圳
大数据开发工程师,电科电器,150-500人,"人工智能,物联网",不需要融资,,10k-15k,5-10年,本科,杭州
大数据开发工程师,Goat Games,50-150人,游戏,上市公司,"午餐补助,年终奖,绩效奖金,年度旅游",10k-20k,1-3年,本科,广州
高级大数据开发工程师,生学教育,150-500人,"移动互联网,教育",A轮,"节日礼物,专项奖金,股票期权,带薪年假",20k-30k,3-5年,大专,成都
数据分析师,国研网,150-500人,"企业服务,数据服务",上市公司,"专项奖金,年终分红,定期体检,弹性工作",5k-8k,1-3年,本科,成都
数据分析师,四众互联,50-150人,"消费生活,金融",不需要融资,"带薪年假,定期体检,弹性工作,领导好",20k-35k,5-10年,本科,北京
大数据开发工程师,光辉齐晟,15-50人,"移动互联网,金融",不需要融资,,20k-35k,3-5年,本科,北京
数据分析师,便利蜂,2000人以上,消费生活,不需要融资,"弹性工作,美女多,帅哥多,领导好",15k-30k,5-10年,本科,北京
高级数据分析师,小米,2000人以上,硬件,D轮及以上,"快速成长,免费班车,扁平管理,技能培训",25k-40k,不限,本科,北京
数据分析师,千聊,500-2000人,移动互联网,B轮,"午餐补助,带薪年假,弹性工作,扁平管理",10k-18k,3-5年,本科,广州
高级大数据开发工程师,转转,500-2000人,"移动互联网,消费生活",B轮,"带薪年假,定期体检,交通补助,年底双薪",25k-50k,3-5年,本科,北京
大数据开发工程师,博纳德,150-500人,移动互联网,天使轮,,15k-23k,3-5年,本科,广州
数据分析师,点点互动,500-2000人,"文娱丨内容,游戏",未融资,"绩效奖金,十天年假,定期调薪,补充医疗保险",25k-35k,3-5年,本科,北京
数据分析师,小鸡叫叫,500-2000人,"移动互联网,文娱丨内容",B轮,"岗位晋升,扁平管理,顶级项目,年底1-3薪",6k-12k,1-3年,本科,成都
数据分析,CLPS,500-2000人,"数据服务,金融",未融资,"专项奖金,带薪年假,定期体检,交通补助",16k-21k,3-5年,本科,上海
数据分析师,Soul,150-500人,"社交,文娱丨内容",C轮,"外企氛围,年轻活力娱乐,有才华的团队,技术导向",20k-40k,3-5年,本科,上海
大数据分析师,TutorABC & vipJr,2000人以上,"移动互联网,教育",C轮,"技能培训,年度旅游,岗位晋升,扁平管理",13k-20k,1-3年,本科,上海
商业化数据分析师,冲顶,50-150人,移动互联网,C轮,"移动互联网,五险一金,扁平管理,领导好",10k-20k,1-3年,本科,北京
高级数据分析师――用户产品中心,汽车之家,2000人以上,汽车丨出行,上市公司,"技能培训,节日礼物,带薪年假,绩效奖金",20k-25k,1-3年,本科,北京
资深数据分析师/专家,叮咚买菜,2000人以上,消费生活,B轮,"弹性工作,扁平管理,股票期权,带薪年假",20k-30k,3-5年,本科,上海
大数据开发--平台架构师 / 资深开发工程师,快看漫画,500-2000人,文娱丨内容,D轮及以上,"股票期权,年度体检,七险一金,带薪假期",30k-50k,5-10年,本科,北京
大数据分析师,政法频道,150-500人,其他,不需要融资,,15k-30k,5-10年,硕士,长沙
资深数据分析师,美味不用等,500-2000人,消费生活,D轮及以上,"绩效奖金,股票期权,专项奖金,年底双薪",30k-40k,5-10年,本科,上海
大数据开发工程师,北纬三十度,150-500人,"电商,医疗丨健康",未融资,,20k-35k,不限,大专,深圳
大数据开发工程师,草花互动,150-500人,"移动互联网,游戏",未融资,"专项奖金,股票期权,带薪年假,领导好",10k-15k,1-3年,大专,长沙
253122-数据分析师,陆金所,2000人以上,金融,B轮,"年底双薪,专项奖金,股票期权,绩效奖金",13k-26k,1-3年,本科,上海
YFX-数据分析经理(汽融贷后),微众银行,2000人以上,金融,未融资,"技能培训,年底双薪,节日礼物,绩效奖金",20k-30k,3-5年,本科,深圳
XLF-数据分析经理(数据分析),微众银行,2000人以上,金融,未融资,"技能培训,年底双薪,节日礼物,绩效奖金",20k-30k,3-5年,本科,深圳
26314Z-数据分析师,平安租赁,500-2000人,金融,不需要融资,,20k-30k,5-10年,本科,上海
0222JM-数据分析师,平安人寿,2000人以上,金融,上市公司,"绩效奖金,带薪年假,定期体检,节日礼物",1k-1k,1-3年,本科,深圳
3221B4-数据分析师,平安健康互联网,2000人以上,"移动互联网,医疗丨健康",上市公司,"技能培训,节日礼物,带薪年假,定期体检",20k-30k,5-10年,本科,上海
高级数据分析师-短视频--3027,爱奇艺,2000人以上,文娱丨内容,上市公司,"绩效奖金,五险一金,交通补助,带薪年假",20k-40k,3-5年,本科,北京
大数据开发工程师,智云健康,500-2000人,"移动互联网,医疗丨健康",D轮及以上,"年底双薪,带薪年假,定期体检,年度旅游",20k-30k,3-5年,本科,杭州
数据分析师--3006,爱奇艺,2000人以上,文娱丨内容,上市公司,"绩效奖金,五险一金,交通补助,带薪年假",8k-12k,1-3年,本科,成都
大数据开发工程师,云账户,150-500人,数据服务,C轮,"节日礼物,带薪年假,绩效奖金,五险一金",18k-35k,3-5年,本科,上海
数据分析师,混沌大学,150-500人,"移动互联网,教育",不需要融资,"弹性工作,扁平管理,领导好,五险一金",15k-30k,3-5年,本科,北京
大数据开发工程师,游雁游戏,150-500人,游戏,未融资,"年底双薪,带薪年假,定期体检,绩效奖金",11k-15k,3-5年,大专,广州
数据分析师,京东数字科技,2000人以上,金融,上市公司,"供应链金融,消费金融,众筹业务,支付业务",25k-40k,5-10年,本科,北京
商业数据分析,红蓝CP,15-50人,"移动互联网,社交",A轮,"技能培训,股票期权,带薪年假,绩效奖金",16k-25k,3-5年,本科,杭州
数据分析师,京东数字科技,2000人以上,金融,上市公司,"供应链金融,消费金融,众筹业务,支付业务",25k-40k,5-10年,本科,北京
资深数据分析（电商/反作弊方向）,趣头条,500-2000人,文娱丨内容,上市公司,"专项奖金,带薪年假,弹性工作,管理规范",20k-35k,3-5年,本科,上海
湖北数据分析师,微众信科,150-500人,"金融,数据服务",D轮及以上,"年底双薪,午餐补助,年终分红,绩效奖金",8k-12k,1-3年,本科,武汉
1121WD-数据分析师（TED建模组）,平安科技,2000人以上,金融,不需要融资,"六险一金,扁平化管理,丰厚年终,丰富技术交流",18k-30k,1-3年,本科,上海
11217R-高级数据分析师（GBD）,平安科技,2000人以上,金融,不需要融资,"六险一金,扁平化管理,丰厚年终,丰富技术交流",15k-30k,3-5年,硕士,上海
大数据开发工程师,顺德与你共享,15-50人,"电商,消费生活",未融资,,30k-60k,不限,本科,北京
大数据开发工程师,新东方在线,2000人以上,"移动互联网,教育",上市公司,"年度旅游,定期体检,免费健身,交通补助",20k-30k,3-5年,本科,北京
XLF-数据分析经理(数据分析),微众银行,2000人以上,金融,未融资,"技能培训,年底双薪,节日礼物,绩效奖金",20k-30k,3-5年,本科,深圳
数据分析师,LinkedME,50-150人,"移动互联网,企业服务",B轮,"年底双薪,股票期权,午餐补助,定期体检",10k-20k,3-5年,本科,北京
数据分析师,横琴人寿,150-500人,金融,不需要融资,,7k-14k,1-3年,本科,北京
高级数据分析师,壳木软件,150-500人,移动互联网,上市公司,"绩效奖金,扁平管理,领导好,年度旅游",25k-50k,5-10年,硕士,北京
大数据分析师,乐家云计算有限公司,50-150人,"移动互联网,企业服务",不需要融资,,12k-18k,1-3年,硕士,深圳
数据分析师,音智达,500-2000人,"数据服务,其他",未融资,"优秀团队,技能培训,带薪年假,岗位晋升",6k-10k,1-3年,本科,上海
大数据开发工程师,友聚四海,2000人以上,移动互联网,D轮及以上,"年底双薪,定期体检,绩效奖金,岗位晋升",30k-50k,3-5年,本科,北京
大数据开发工程师,北京中位科技有限公司重庆分公司,50-150人,"移动互联网,数据服务",不需要融资,"绩效奖金,带薪年假,技能培训,专项奖金",10k-20k,3-5年,本科,重庆
高级数据分析师,浦发信用卡,2000人以上,金融,上市公司,"专项奖金,绩效奖金,定期体检,带薪年假",20k-30k,3-5年,硕士,上海
大数据分析,宝康电子,150-500人,其他,未融资,"带薪年假,午餐补助,定期体检,绩效奖金",10k-15k,3-5年,本科,上海
BI数据分析师,爱美购,50-150人,"移动互联网,电商",不需要融资,"股票期权,绩效奖金,五险一金,带薪年假",10k-20k,1-3年,本科,深圳
商业数据分析师（广告）,Mobvista,500-2000人,广告营销,上市公司,"优秀团队,节日礼物,股票期权,带薪年假",15k-25k,1-3年,本科,广州
高级商业数据分析师,Mobvista,500-2000人,广告营销,上市公司,"优秀团队,节日礼物,股票期权,带薪年假",13k-20k,1-3年,本科,广州
大数据开发工程师（数据中台）,铭轩科技,50-150人,不限,未融资,,12k-24k,3-5年,本科,武汉
财务数据分析师,顺联动力,150-500人,"移动互联网,电商",不需要融资,"年终分红,绩效奖金,定期体检,年底双薪",10k-20k,3-5年,本科,杭州
数据分析师,维度统计,150-500人,其他,上市公司,"股票期权,年底双薪,绩效奖金,定期体检",4k-6k,不限,本科,深圳
数据分析师,贝壳,2000人以上,房产家居,D轮及以上,"股票期权,带薪年假,绩效奖金,扁平管理",25k-40k,不限,本科,北京
大数据开发工程师,高阳捷迅,150-500人,电商,不需要融资,"免费班车,带薪年假,绩效奖金,补充医疗",10k-15k,应届毕业生,本科,武汉
资深数据分析师(J11772),货拉拉,2000人以上,"移动互联网,消费生活",D轮及以上,"技能培训,专项奖金,绩效奖金,扁平管理",50k-70k,5-10年,本科,深圳
数据分析师,冰鉴科技,150-500人,"信息安全,数据服务",C轮,"福利关怀丰厚,组织管理扁平,年终奖金丰厚,技术实力强大",12k-18k,1-3年,本科,上海
数据分析师,冰鉴科技,150-500人,"信息安全,数据服务",C轮,"福利关怀丰厚,组织管理扁平,年终奖金丰厚,技术实力强大",12k-18k,1-3年,本科,北京
高级数据分析师(J12211),安居客,500-2000人,移动互联网,上市公司,"年底双薪,绩效奖金,带薪年假,五险一金",20k-40k,1-3年,本科,北京
大数据分析,青岛准安互动大数据科技服务有限公司,150-500人,"金融,企业服务",未融资,,6k-12k,不限,大专,青岛
高级数据分析师(J12211),安居客,500-2000人,移动互联网,上市公司,"年底双薪,绩效奖金,带薪年假,五险一金",20k-40k,1-3年,本科,北京
大数据分析,青岛准安互动大数据科技服务有限公司,150-500人,"金融,企业服务",未融资,,6k-12k,不限,大专,青岛
高级数据分析师,TutorABC & vipJr,2000人以上,"移动互联网,教育",C轮,"技能培训,年度旅游,岗位晋升,扁平管理",11k-15k,3-5年,本科,上海
急聘大数据开发工程师,博悦科创,500-2000人,移动互联网,不需要融资,"年底双薪,定期体检,绩效奖金,技能培训",12k-20k,3-5年,本科,深圳
数据分析师 (MJ000060),百融云创,500-2000人,金融,C轮,"技能培训,股票期权,带薪年假,定期体检",18k-28k,不限,本科,北京
高级数据分析师（上海） (MJ000045),百融云创,500-2000人,金融,C轮,"技能培训,股票期权,带薪年假,定期体检",15k-30k,不限,硕士,上海
数据分析师,格上出行,500-2000人,"移动互联网,企业服务",不需要融资,,8k-10k,1-3年,本科,杭州
02315R-资深数据分析师(平台电商领域),平安人寿,2000人以上,金融,上市公司,"绩效奖金,带薪年假,定期体检,节日礼物",30k-60k,3-5年,本科,深圳
数据分析师,个推,500-2000人,移动互联网,上市公司,"绩效奖金,股票期权,年底双薪,专项奖金",12k-20k,1-3年,本科,杭州
高级数据分析师,华策,50-150人,移动互联网,未融资,"绩效奖金,年终分红,带薪年假,五险一金",11k-20k,3-5年,本科,深圳
大数据开发工程师,SHEIN,2000人以上,"电商,移动互联网",C轮,,10k-15k,应届毕业生,本科,深圳
数据分析师,探探,150-500人,"移动互联网,社交",D轮及以上,"股票期权,带薪年假,岗位晋升,扁平管理",18k-36k,3-5年,本科,北京
资深数据分析师,橙鹰,150-500人,数据服务,不需要融资,"年底双薪,带薪年假,午餐补助,定期体检",15k-30k,3-5年,本科,杭州
数据分析师,极米传媒科技,150-500人,移动互联网,未融资,"五险一金,带薪年假,年度旅游,定期体检",10k-15k,3-5年,本科,广州
大数据开发工程师,房极客,150-500人,"移动互联网,企业服务",B轮,"高成长性,弹性工作,股票期权,零食自取",20k-40k,5-10年,本科,深圳
